{
  "episode": 47,
  "best_mean_reward": 4.070741769312182,
  "last_mean_reward": 4.070741769312182,
  "entropy": 1.8422830356284976
}